 Plate ID/barcode,Well  Position ,Index Sequence
Index1,A01,ATAATG
Index1,B01, GTATAC
Index1,C01, GGACGA
Index1,D01, ACCTTT
Index1,E01, CGGTTA
Index1,F01, GCCTGT
Index1,G01, CTACCC
Index1,H01, CTTAAG
Index1,A02, TTCTAC
Index1,B02, CGACAA
Index1,C02, AGTCTA
Index1,D02, GTAAGC
Index1,E02, CTCAGG
Index1,F02, CTATAC
Index1,G02, AGTATC
Index1,H02, TGGACG
Index1,A03, AGATTT
Index1,B03, TTGAAC
Index1,C03, ACGTAG
Index1,D03, TGCTAT
Index1,E03, GCCTCA
Index1,F03, TTGCCG
Index1,G03, CGATAG
Index1,H03, AGATGG
Index1,A04, GAAATT
Index1,B04, CGGGTC
Index1,C04, GCCAAA
Index1,D04, TAGACC
Index1,E04, CAAGTC
Index1,F04, GCACGG
Index1,G04, GAGCAA
Index1,H04, GCTACG
Index1,A05, GCAGGG
Index1,B05, ATGGCA
Index1,C05, GGGTAC
Index1,D05, CGCTTT
Index1,E05, CCACGT
Index1,F05, ATATGC
Index1,G05, AATGAT
Index1,H05, CCGGAA
Index1,A06, TGGCGA
Index1,B06, CTATTC
Index1,C06, ATGTCT
Index1,D06, GTTGTG
Index1,E06, TAAGCG
Index1,F06, TCGGAC
Index1,G06, AGGAAG
Index1,H06, TAGTTT
Index1,A07, TTTGCC
Index1,B07, TAAAGG
Index1,C07, AAAGGG
Index1,D07, GCGTTT
Index1,E07, AGAAGC
Index1,F07, TCCGCC
Index1,G07, TGAAAT
Index1,H07, CGGGCT
Index1,A08, GCGAAC
Index1,B08, CCGGTG
Index1,C08, ATGAGG
Index1,D08, TAACGT
Index1,E08, AGCGAA
Index1,F08, GCCTGT
Index1,G08, CGTGGT
Index1,H08, GTAGGA
Index1,A09, GTCATT
Index1,B09, ACTCTT
Index1,C09, CCCACT
Index1,D09, GACCGT
Index1,E09, GAACTA
Index1,F09, TGTAAC
Index1,G09, TGTCAA
Index1,H09, CTATGG
Index1,A10, ATTATC
Index1,B10, CGGATA
Index1,C10, TTGCAC
Index1,D10, ACGCAC
Index1,E10, GCAGCT
Index1,F10, TAGGTA
Index1,G10, CTCGCG
Index1,H10, CGCTAC
Index1,A11, TCTTCA
Index1,B11, ATTGAA
Index1,C11, CCGTAC
Index1,D11, CACTTT
Index1,E11, TTAGCG
Index1,F11, ACTCAG
Index1,G11, CAAGAA
Index1,H11, TGGAGA
Index1,A12, CTGTGT
Index1,B12, ACGGTT
Index1,C12, TAGGAA
Index1,D12, TCTTAA
Index1,E12, GGTCTA
Index1,F12, CTAACT
Index1,G12, CTTAGT
Index1,H12, TCGACC